<?xml version="1.0" encoding="utf-8"?>
<metadata>
    <layout title="COM_JED_EXTENSION_ITEM_TITLEVARIEDDATUM" option="View">
        <message>
                        <![CDATA[COM_JED_EXTENSION_ITEM_TITLEVARIEDDATUM_DESC]]>
        </message>
    </layout>
    <fields name="request">
        <fieldset 
            name="request"
            label="COM_JED_FIELDSET_ITEM_ID_SELECT_LABEL">
            <field
                name="id"
                query="SELECT `id`, `intro_text` FROM #__jed_extension_varied_data ORDER BY `id`"
                type="sql"
                key_field="id" 
                value_field="intro_text"
                label="COM_JED_ITEM_ID_SELECT_LABEL"
                require="true"
                description="JGLOBAL_SHOW_TITLE_DESC">
            </field>
        </fieldset>
    </fields>
</metadata>
