<?xml version="1.0" encoding="utf-8"?>
<metadata>
    <layout title="COM_JED_CATEGORIES_LIST_TITLE" option="View">
        <message>
            <![CDATA[COM_JED_CATEGORIES_LIST_TITLE_DESC]]>
        </message>
    </layout>

    <!-- Add fields to the request variables for the layout. -->
    <fields name="request">
        <fieldset name="request"
        >
            <field
                    name="id"
                    type="category"
                    label="JGLOBAL_FIELD_CATEGORIES_CHOOSE_CATEGORY_LABEL"
                    description="JGLOBAL_FIELD_CATEGORIES_CHOOSE_CATEGORY_DESC"
                    extension="com_jed"
                    show_root="true"
                    required="true"
            />
        </fieldset>
    </fields>

    <!-- Add fields to the parameters object for the layout. -->
    <fields name="params">
        <fieldset name="basic" label="JGLOBAL_CATEGORIES_OPTIONS">

            <field
                    name="show_base_description"
                    type="list"
                    label="JGLOBAL_FIELD_SHOW_BASE_DESCRIPTION_LABEL"
                    description="JGLOBAL_FIELD_SHOW_BASE_DESCRIPTION_DESC"
                    useglobal="true"
                    class="chzn-color"
            >
                <option value="0">JHIDE</option>
                <option value="1">JSHOW</option>
            </field>

            <field
                    name="categories_description"
                    type="textarea"
                    label="JGLOBAL_FIELD_CATEGORIES_DESC_LABEL"
                    description="JGLOBAL_FIELD_CATEGORIES_DESC_DESC"
                    cols="25"
                    rows="5"
            />

            <field
                    name="maxLevelcat"
                    type="list"
                    label="JGLOBAL_MAXIMUM_CATEGORY_LEVELS_LABEL"
                    description="JGLOBAL_MAXIMUM_CATEGORY_LEVELS_DESC"
                    useglobal="true"
            >
                <option value="-1">JALL</option>
                <option value="1">J1</option>
                <option value="2">J2</option>
                <option value="3">J3</option>
                <option value="4">J4</option>
                <option value="5">J5</option>
            </field>

            <field
                    name="show_empty_categories_cat"
                    type="list"
                    label="JGLOBAL_SHOW_EMPTY_CATEGORIES_LABEL"
                    description="COM_JED_SHOW_EMPTY_CATEGORIES_DESC"
                    useglobal="true"
                    class="chzn-color"
            >
                <option value="0">JHIDE</option>
                <option value="1">JSHOW</option>
            </field>

            <field
                    name="show_subcat_desc_cat"
                    type="list"
                    label="JGLOBAL_SHOW_SUBCATEGORIES_DESCRIPTION_LABEL"
                    description="JGLOBAL_SHOW_SUBCATEGORIES_DESCRIPTION_DESC"
                    useglobal="true"
                    class="chzn-color"
            >
                <option value="0">JHIDE</option>
                <option value="1">JSHOW</option>
            </field>

            <field
                    name="show_cat_num_articles_cat"
                    type="list"
                    label="COM_JED_NUMBER_CATEGORY_ITEMS_LABEL"
                    description="COM_JED_NUMBER_CATEGORY_ITEMS_DESC"
                    useglobal="true"
                    class="chzn-color"
            >
                <option value="0">JHIDE</option>
                <option value="1">JSHOW</option>
            </field>
        </fieldset>

        <fieldset name="category" label="JGLOBAL_CATEGORY_OPTIONS">
            <field
                    name="spacer3"
                    type="spacer"
                    label="JGLOBAL_SUBSLIDER_DRILL_CATEGORIES_LABEL"
                    class="text"
            />

            <field
                    name="show_category_title"
                    type="list"
                    label="JGLOBAL_SHOW_CATEGORY_TITLE"
                    description="JGLOBAL_SHOW_CATEGORY_TITLE_DESC"
                    useglobal="true"
                    class="chzn-color"
            >
                <option value="0">JHIDE</option>
                <option value="1">JSHOW</option>
            </field>

            <field
                    name="show_description"
                    type="list"
                    label="JGLOBAL_SHOW_CATEGORY_DESCRIPTION_LABEL"
                    description="JGLOBAL_SHOW_CATEGORY_DESCRIPTION_DESC"
                    useglobal="true"
                    class="chzn-color"
            >
                <option value="0">JHIDE</option>
                <option value="1">JSHOW</option>
            </field>

            <field
                    name="show_description_image"
                    type="list"
                    label="JGLOBAL_SHOW_CATEGORY_IMAGE_LABEL"
                    description="JGLOBAL_SHOW_CATEGORY_IMAGE_DESC"
                    useglobal="true"
                    class="chzn-color"
            >
                <option value="0">JHIDE</option>
                <option value="1">JSHOW</option>
            </field>

            <field
                    name="maxLevel"
                    type="list"
                    label="JGLOBAL_MAXLEVEL_LABEL"
                    description="JGLOBAL_MAXLEVEL_DESC"
                    useglobal="true"
            >
                <option value="-1">JALL</option>
                <option value="0">JNONE</option>
                <option value="1">J1</option>
                <option value="2">J2</option>
                <option value="3">J3</option>
                <option value="4">J4</option>
                <option value="5">J5</option>
            </field>

            <field
                    name="show_empty_categories"
                    type="list"
                    label="JGLOBAL_SHOW_EMPTY_CATEGORIES_LABEL"
                    description="COM_JED_SHOW_EMPTY_CATEGORIES_DESC"
                    useglobal="true"
                    class="chzn-color"
            >
                <option value="0">JHIDE</option>
                <option value="1">JSHOW</option>
            </field>

            <field
                    name="show_no_articles"
                    type="list"
                    label="COM_JED_NO_ARTICLES_LABEL"
                    description="COM_JED_NO_ARTICLES_DESC"
                    useglobal="true"
                    class="chzn-color"
            >
                <option value="0">JHIDE</option>
                <option value="1">JSHOW</option>
            </field>

            <field
                    name="show_subcat_desc"
                    type="list"
                    label="JGLOBAL_SHOW_SUBCATEGORIES_DESCRIPTION_LABEL"
                    description="JGLOBAL_SHOW_SUBCATEGORIES_DESCRIPTION_DESC"
                    useglobal="true"
                    class="chzn-color"
            >
                <option value="0">JHIDE</option>
                <option value="1">JSHOW</option>
            </field>

            <field
                    name="show_cat_num_articles"
                    type="list"
                    label="COM_JED_NUMBER_CATEGORY_ITEMS_LABEL"
                    description="COM_JED_NUMBER_CATEGORY_ITEMS_DESC"
                    useglobal="true"
                    class="chzn-color"
            >
                <option value="0">JHIDE</option>
                <option value="1">JSHOW</option>
            </field>
        </fieldset>
        <fieldset name="blog" label="JGLOBAL_BLOG_LAYOUT_OPTIONS">
            <field
                    name="spacer4"
                    type="spacer"
                    label="JGLOBAL_SUBSLIDER_DRILL_CATEGORIES_LABEL"
                    class="text"
            />

            <field
                    name="num_leading_articles"
                    type="number"
                    label="JGLOBAL_NUM_LEADING_ARTICLES_LABEL"
                    description="JGLOBAL_NUM_LEADING_ARTICLES_DESC"
                    size="3"
                    useglobal="true"
            />

            <field
                    name="num_intro_articles"
                    type="number"
                    label="JGLOBAL_NUM_INTRO_ARTICLES_LABEL"
                    description="JGLOBAL_NUM_INTRO_ARTICLES_DESC"
                    size="3"
                    useglobal="true"
            />

            <field
                    name="num_columns"
                    type="number"
                    label="JGLOBAL_NUM_COLUMNS_LABEL"
                    description="JGLOBAL_NUM_COLUMNS_DESC"
                    size="3"
                    useglobal="true"
            />

            <field
                    name="num_links"
                    type="number"
                    label="JGLOBAL_NUM_LINKS_LABEL"
                    description="JGLOBAL_NUM_LINKS_DESC"
                    size="3"
                    useglobal="true"
            />

            <field
                    name="multi_column_order"
                    type="list"
                    description="JGLOBAL_MULTI_COLUMN_ORDER_DESC"
                    label="JGLOBAL_MULTI_COLUMN_ORDER_LABEL"
                    useglobal="true"
            >
                <option value="0">JGLOBAL_DOWN</option>
                <option value="1">JGLOBAL_ACROSS</option>
            </field>

            <field
                    name="show_subcategory_content"
                    type="list"
                    label="JGLOBAL_SHOW_SUBCATEGORY_CONTENT_LABEL"
                    description="JGLOBAL_SHOW_SUBCATEGORY_CONTENT_DESC"
                    useglobal="true"
            >
                <option value="0">JNONE</option>
                <option value="-1">JALL</option>
                <option value="1">J1</option>
                <option value="2">J2</option>
                <option value="3">J3</option>
                <option value="4">J4</option>
                <option value="5">J5</option>
            </field>

            <field
                    name="spacer5"
                    type="spacer"
                    hr="true"
            />

            <field
                    name="orderby_pri"
                    type="list"
                    label="JGLOBAL_CATEGORY_ORDER_LABEL"
                    description="JGLOBAL_CATEGORY_ORDER_DESC"
                    useglobal="true"
            >
                <option value="none">JGLOBAL_NO_ORDER</option>
                <option value="alpha">JGLOBAL_TITLE_ALPHABETICAL</option>
                <option value="ralpha">JGLOBAL_TITLE_REVERSE_ALPHABETICAL</option>
                <option value="order">JGLOBAL_CATEGORY_MANAGER_ORDER</option>
            </field>

            <field
                    name="orderby_sec"
                    type="list"
                    label="JGLOBAL_ARTICLE_ORDER_LABEL"
                    description="JGLOBAL_ARTICLE_ORDER_DESC"
                    useglobal="true"
            >
                <option value="front">COM_JED_FEATURED_ORDER</option>
                <option value="rdate">JGLOBAL_MOST_RECENT_FIRST</option>
                <option value="date">JGLOBAL_OLDEST_FIRST</option>
                <option value="alpha">JGLOBAL_TITLE_ALPHABETICAL</option>
                <option value="ralpha">JGLOBAL_TITLE_REVERSE_ALPHABETICAL</option>
                <option value="author">JGLOBAL_AUTHOR_ALPHABETICAL</option>
                <option value="rauthor">JGLOBAL_AUTHOR_REVERSE_ALPHABETICAL</option>
                <option value="hits">JGLOBAL_MOST_HITS</option>
                <option value="rhits">JGLOBAL_LEAST_HITS</option>
                <option value="order">JGLOBAL_ORDERING</option>
                <option value="rorder">JGLOBAL_REVERSE_ORDERING</option>
                <option value="vote" requires="vote">JGLOBAL_VOTES_DESC</option>
                <option value="rvote" requires="vote">JGLOBAL_VOTES_ASC</option>
                <option value="rank" requires="vote">JGLOBAL_RATINGS_DESC</option>
                <option value="rrank" requires="vote">JGLOBAL_RATINGS_ASC</option>
            </field>

            <field
                    name="order_date"
                    type="list"
                    label="JGLOBAL_ORDERING_DATE_LABEL"
                    description="JGLOBAL_ORDERING_DATE_DESC"
                    useglobal="true"
            >
                <option value="created">JGLOBAL_CREATED</option>
                <option value="modified">JGLOBAL_MODIFIED</option>
                <option value="published">JPUBLISHED</option>
            </field>
        </fieldset>

        <fieldset name="advanced" label="JGLOBAL_LIST_LAYOUT_OPTIONS">
            <field
                    name="spacer6"
                    type="spacer"
                    label="JGLOBAL_SUBSLIDER_DRILL_CATEGORIES_LABEL"
                    class="text"
            />

            <field
                    name="show_pagination_limit"
                    type="list"
                    label="JGLOBAL_DISPLAY_SELECT_LABEL"
                    description="JGLOBAL_DISPLAY_SELECT_DESC"
                    useglobal="true"
                    class="chzn-color"
            >
                <option value="0">JHIDE</option>
                <option value="1">JSHOW</option>
            </field>

            <field
                    name="filter_field"
                    type="list"
                    label="JGLOBAL_FILTER_FIELD_LABEL"
                    description="JGLOBAL_FILTER_FIELD_DESC"
                    useglobal="true"
            >
                <option value="hide">JHIDE</option>
                <option value="title">JGLOBAL_TITLE</option>
                <option value="author">JAUTHOR</option>
                <option value="hits">JGLOBAL_HITS</option>
            </field>

            <field
                    name="show_headings"
                    type="list"
                    label="JGLOBAL_SHOW_HEADINGS_LABEL"
                    description="JGLOBAL_SHOW_HEADINGS_DESC"
                    useglobal="true"
                    class="chzn-color"
            >
                <option value="0">JHIDE</option>
                <option value="1">JSHOW</option>
            </field>

            <field
                    name="list_show_date"
                    type="list"
                    label="JGLOBAL_SHOW_DATE_LABEL"
                    description="JGLOBAL_SHOW_DATE_DESC"
                    useglobal="true"
                    class="chzn-color"
            >
                <option value="0">JHIDE</option>
                <option value="created">JGLOBAL_CREATED</option>
                <option value="modified">JGLOBAL_MODIFIED</option>
                <option value="published">JPUBLISHED</option>
            </field>

            <field
                    name="date_format"
                    type="text"
                    label="JGLOBAL_DATE_FORMAT_LABEL"
                    description="JGLOBAL_DATE_FORMAT_DESC"
                    size="15"
                    useglobal="true"
            />

            <field
                    name="list_show_hits"
                    type="list"
                    label="JGLOBAL_LIST_HITS_LABEL"
                    description="JGLOBAL_LIST_HITS_DESC"
                    useglobal="true"
                    class="chzn-color"
            >
                <option value="0">JHIDE</option>
                <option value="1">JSHOW</option>
            </field>

            <field
                    name="list_show_author"
                    type="list"
                    label="JGLOBAL_LIST_AUTHOR_LABEL"
                    description="JGLOBAL_LIST_AUTHOR_DESC"
                    useglobal="true"
                    class="chzn-color"
            >
                <option value="0">JHIDE</option>
                <option value="1">JSHOW</option>
            </field>

            <field
                    name="display_num"
                    type="list"
                    label="JGLOBAL_NUMBER_ITEMS_LIST_LABEL"
                    description="JGLOBAL_NUMBER_ITEMS_LIST_DESC"
                    default="10"
            >
                <option value="5">J5</option>
                <option value="10">J10</option>
                <option value="15">J15</option>
                <option value="20">J20</option>
                <option value="25">J25</option>
                <option value="30">J30</option>
                <option value="50">J50</option>
                <option value="100">J100</option>
                <option value="0">JALL</option>
            </field>

        </fieldset>

        <fieldset name="shared" label="COM_JED_SHARED_LABEL" description="COM_JED_SHARED_DESC">

            <field
                    name="show_pagination"
                    type="list"
                    label="JGLOBAL_PAGINATION_LABEL"
                    description="JGLOBAL_PAGINATION_DESC"
                    useglobal="true"
                    class="chzn-color"
            >
                <option value="0">JHIDE</option>
                <option value="1">JSHOW</option>
                <option value="2">JGLOBAL_AUTO</option>
            </field>

            <field
                    name="show_pagination_results"
                    type="list"
                    label="JGLOBAL_PAGINATION_RESULTS_LABEL"
                    description="JGLOBAL_PAGINATION_RESULTS_DESC"
                    useglobal="true"
                    class="chzn-color"
            >
                <option value="0">JHIDE</option>
                <option value="1">JSHOW</option>
            </field>
        </fieldset>

        <fieldset name="article" label="COM_JED_ATTRIBS_FIELDSET_LABEL">

            <field
                    name="article_layout"
                    type="componentlayout"
                    label="JGLOBAL_FIELD_LAYOUT_LABEL"
                    description="JGLOBAL_FIELD_LAYOUT_DESC"
                    menuitems="true"
                    extension="com_jed"
                    view="article"
            />

            <field
                    name="show_title"
                    type="list"
                    label="JGLOBAL_SHOW_TITLE_LABEL"
                    description="JGLOBAL_SHOW_TITLE_DESC"
                    useglobal="true"
                    class="chzn-color"
            >
                <option value="0">JHIDE</option>
                <option value="1">JSHOW</option>
            </field>

            <field
                    name="link_titles"
                    type="list"
                    label="JGLOBAL_LINKED_TITLES_LABEL"
                    description="JGLOBAL_LINKED_TITLES_DESC"
                    useglobal="true"
                    class="chzn-color"
            >
                <option value="0">JNO</option>
                <option value="1">JYES</option>
            </field>

            <field
                    name="show_intro"
                    type="list"
                    label="JGLOBAL_SHOW_INTRO_LABEL"
                    description="JGLOBAL_SHOW_INTRO_DESC"
                    useglobal="true"
                    class="chzn-color"
            >
                <option value="0">JHIDE</option>
                <option value="1">JSHOW</option>
            </field>

            <field
                    name="show_category"
                    type="list"
                    label="JGLOBAL_SHOW_CATEGORY_LABEL"
                    description="JGLOBAL_SHOW_CATEGORY_DESC"
                    useglobal="true"
                    class="chzn-color"
            >
                <option value="0">JHIDE</option>
                <option value="1">JSHOW</option>
            </field>

            <field
                    name="link_category"
                    type="list"
                    label="JGLOBAL_LINK_CATEGORY_LABEL"
                    description="JGLOBAL_LINK_CATEGORY_DESC"
                    useglobal="true"
                    class="chzn-color"
            >
                <option value="0">JNO</option>
                <option value="1">JYES</option>
            </field>

            <field
                    name="show_parent_category"
                    type="list"
                    label="JGLOBAL_SHOW_PARENT_CATEGORY_LABEL"
                    description="JGLOBAL_SHOW_PARENT_CATEGORY_DESC"
                    useglobal="true"
                    class="chzn-color"
            >
                <option value="0">JHIDE</option>
                <option value="1">JSHOW</option>
            </field>

            <field
                    name="link_parent_category"
                    type="list"
                    label="JGLOBAL_LINK_PARENT_CATEGORY_LABEL"
                    description="JGLOBAL_LINK_PARENT_CATEGORY_DESC"
                    useglobal="true"
                    class="chzn-color"
            >
                <option value="0">JNO</option>
                <option value="1">JYES</option>
            </field>

            <field
                    name="show_author"
                    type="list"
                    label="JGLOBAL_SHOW_AUTHOR_LABEL"
                    description="JGLOBAL_SHOW_AUTHOR_DESC"
                    useglobal="true"
                    class="chzn-color"
            >
                <option value="0">JHIDE</option>
                <option value="1">JSHOW</option>
            </field>

            <field
                    name="link_author"
                    type="list"
                    label="JGLOBAL_LINK_AUTHOR_LABEL"
                    description="JGLOBAL_LINK_AUTHOR_DESC"
                    useglobal="true"
                    class="chzn-color"
            >
                <option value="0">JNO</option>
                <option value="1">JYES</option>
            </field>

            <field
                    name="show_create_date"
                    type="list"
                    label="JGLOBAL_SHOW_CREATE_DATE_LABEL"
                    description="JGLOBAL_SHOW_CREATE_DATE_DESC"
                    useglobal="true"
                    class="chzn-color"
            >
                <option value="0">JHIDE</option>
                <option value="1">JSHOW</option>
            </field>

            <field
                    name="show_modify_date"
                    type="list"
                    label="JGLOBAL_SHOW_MODIFY_DATE_LABEL"
                    description="JGLOBAL_SHOW_MODIFY_DATE_DESC"
                    useglobal="true"
                    class="chzn-color"
            >
                <option value="0">JHIDE</option>
                <option value="1">JSHOW</option>
            </field>

            <field
                    name="show_publish_date"
                    type="list"
                    label="JGLOBAL_SHOW_PUBLISH_DATE_LABEL"
                    description="JGLOBAL_SHOW_PUBLISH_DATE_DESC"
                    useglobal="true"
                    class="chzn-color"
            >
                <option value="0">JHIDE</option>
                <option value="1">JSHOW</option>
            </field>

            <field
                    name="show_item_navigation"
                    type="list"
                    label="JGLOBAL_SHOW_NAVIGATION_LABEL"
                    description="JGLOBAL_SHOW_NAVIGATION_DESC"
                    useglobal="true"
                    class="chzn-color"
            >
                <option value="0">JHIDE</option>
                <option value="1">JSHOW</option>
            </field>

            <field
                    name="show_vote"
                    type="list"
                    label="JGLOBAL_SHOW_VOTE_LABEL"
                    description="JGLOBAL_SHOW_VOTE_DESC"
                    useglobal="true"
                    class="chzn-color"
            >
                <option value="0">JHIDE</option>
                <option value="1">JSHOW</option>
            </field>

            <field
                    name="show_readmore"
                    type="list"
                    label="JGLOBAL_SHOW_READMORE_LABEL"
                    description="JGLOBAL_SHOW_READMORE_DESC"
                    useglobal="true"
                    class="chzn-color"
            >
                <option value="0">JHIDE</option>
                <option value="1">JSHOW</option>
            </field>

            <field
                    name="show_readmore_title"
                    type="list"
                    label="JGLOBAL_SHOW_READMORE_TITLE_LABEL"
                    description="JGLOBAL_SHOW_READMORE_TITLE_DESC"
                    useglobal="true"
                    class="chzn-color"
            >
                <option value="0">JHIDE</option>
                <option value="1">JSHOW</option>
            </field>

            <field
                    name="show_icons"
                    type="list"
                    label="JGLOBAL_SHOW_ICONS_LABEL"
                    description="JGLOBAL_SHOW_ICONS_DESC"
                    useglobal="true"
                    class="chzn-color"
            >
                <option value="0">JHIDE</option>
                <option value="1">JSHOW</option>
            </field>

            <field
                    name="show_print_icon"
                    type="list"
                    label="JGLOBAL_SHOW_PRINT_ICON_LABEL"
                    description="JGLOBAL_SHOW_PRINT_ICON_DESC"
                    useglobal="true"
                    class="chzn-color"
            >
                <option value="0">JHIDE</option>
                <option value="1">JSHOW</option>
            </field>

            <field
                    name="show_email_icon"
                    type="list"
                    label="JGLOBAL_SHOW_EMAIL_ICON_LABEL"
                    description="JGLOBAL_SHOW_EMAIL_ICON_DESC"
                    useglobal="true"
                    class="chzn-color"
            >
                <option value="0">JHIDE</option>
                <option value="1">JSHOW</option>
            </field>

            <field
                    name="show_hits"
                    type="list"
                    label="JGLOBAL_SHOW_HITS_LABEL"
                    description="JGLOBAL_SHOW_HITS_DESC"
                    useglobal="true"
                    class="chzn-color"
            >
                <option value="0">JHIDE</option>
                <option value="1">JSHOW</option>
            </field>

            <field
                    name="show_noauth"
                    type="list"
                    label="JGLOBAL_SHOW_UNAUTH_LINKS_LABEL"
                    description="JGLOBAL_SHOW_UNAUTH_LINKS_DESC"
                    useglobal="true"
                    class="chzn-color"
            >
                <option value="0">JNO</option>
                <option value="1">JYES</option>
            </field>
        </fieldset>
        <fieldset name="integration">

            <field
                    name="show_feed_link"
                    type="list"
                    label="JGLOBAL_SHOW_FEED_LINK_LABEL"
                    description="JGLOBAL_SHOW_FEED_LINK_DESC"
                    useglobal="true"
                    class="chzn-color"
            >
                <option value="0">JHIDE</option>
                <option value="1">JSHOW</option>
            </field>

            <field
                    name="feed_summary"
                    type="list"
                    label="JGLOBAL_FEED_SUMMARY_LABEL"
                    description="JGLOBAL_FEED_SUMMARY_DESC"
                    useglobal="true"
            >
                <option value="0">JGLOBAL_INTRO_TEXT</option>
                <option value="1">JGLOBAL_FULL_TEXT</option>
            </field>
        </fieldset>
    </fields>
</metadata>

